{"count": 200, "approved": 100, "denied": 100, "threshold_used": 0.9995341112979964, "target_rate_used": 0.4978334919155871, "rules_mode": "ndi"}