{"count": 200, "approved": 46, "denied": 154, "threshold_used": 0.999954681766094, "target_rate_used": 0.2286681075721635, "rules_mode": "ndi"}