{"count": 123, "approved": 45, "denied": 78, "threshold_used": 0.9979685440976178, "target_rate_used": 0.3640935571354817, "rules_mode": "classic"}