application_id,score,decision
a001,0.0,denied
a002,0.0032049957001882056,denied
a003,0.0370445647938363,denied
a004,0.007630959678282654,denied
a005,0.0431871945661666,denied
