{"count": 200, "approved": 86, "denied": 114, "threshold_used": 0.9998955562665945, "target_rate_used": 0.42824751287432344, "rules_mode": "classic"}