application_id,age,income,employment_years,debt_to_income,credit_history_length,num_delinquencies,current_loans,requested_amount,loan_term_months,monthly_debt_payment,requested_monthly_payment
a001,34,72000.0,5,0.18,60,0,1,15000.0,36,0.0,498.2146471927675
a002,41,95000.0,9,0.22,84,1,2,30000.0,48,0.0,790.0150629578326
a003,29,54000.0,3,0.27,24,0,0,12000.0,24,0.0,564.8816666791761
a004,52,120000.0,15,0.12,180,0,1,50000.0,60,0.0,1112.222384245088
a005,38,80000.0,7,0.3,72,2,3,25000.0,36,0.0,830.3577453212791
