{"count": 200, "approved": 52, "denied": 148, "threshold_used": 0.9999488129771281, "target_rate_used": 0.2576124610034597, "rules_mode": "classic"}