application_id,score,decision
a001,0.3333333333333333,deny
a002,0.3333333333333333,deny
a003,0.3333333333333333,deny
a004,0.3333333333333333,deny
a005,0.3333333333333333,deny
