{"count": 200, "approved": 80, "denied": 120, "threshold_used": 0.9998923622774821, "target_rate_used": 0.3990483611342279, "rules_mode": "ndi"}