application_id,age,income,employment_years,debt_to_income,credit_history_length,num_delinquencies,current_loans,requested_amount,loan_term_months,monthly_income
a001,34,72000,5,0.18,60,0,1,15000.0,36,6000.0
a002,41,95000,9,0.22,84,1,2,30000.0,48,7916.666666666667
a003,29,54000,3,0.27,24,0,0,12000.0,24,4500.0
a004,52,120000,15,0.12,180,0,1,50000.0,60,10000.0
a005,38,80000,7,0.3,72,2,3,25000.0,36,6666.666666666667
