{"count": 200, "approved": 73, "denied": 127, "threshold_used": 0.9999168391851238, "target_rate_used": 0.36533458764516186, "rules_mode": "ndi"}