{"count": 200, "approved": 83, "denied": 117, "threshold_used": 0.9998973614001355, "target_rate_used": 0.41636848042683317, "rules_mode": "classic"}