application_id,score,decision
a001,0.3333333333333333,approve
a002,0.3333333333333333,approve
a003,0.3333333333333333,approve
a004,0.3333333333333333,approve
a005,0.3333333333333333,approve
