{"count": 200, "approved": 104, "denied": 96, "threshold_used": 0.9993415278700798, "target_rate_used": 0.5201069447060386, "rules_mode": "classic"}