{"count": 200, "approved": 104, "denied": 96, "threshold_used": 0.9993164901638588, "target_rate_used": 0.5218606913172773, "rules_mode": "ndi"}